feature,region,perm_mean,perm_std,impurity_mean
adipose_H_original_firstorder_Kurtosis_std,adipose,0.012147618385336534,0.006354579005861493,0.007934
adipose_H_original_firstorder_Skewness_mean,adipose,0.012114956403513654,0.009091972247297747,0.006936
adipose_H_original_firstorder_InterquartileRange_mean,adipose,0.010073546417896118,0.007534957914839166,0.00891
adipose_H_original_firstorder_Uniformity_mean,adipose,0.009349636396898009,0.012485821534142785,0.00938
adipose_H_original_firstorder_Kurtosis_mean,adipose,0.007081683154313035,0.0060040262061341,0.006859
muscularis_E_original_firstorder_10Percentile_mean,muscularis,0.0054755934429645105,0.0035464468439035794,0.003114
necrosis_E_original_firstorder_InterquartileRange_std,necrosis,0.005156625015031058,0.0033326542776750683,0.003921
urothelium_E_original_firstorder_Kurtosis_mean,urothelium,0.0036601623652812165,0.0018564257436247023,0.003903
muscularis_E_original_firstorder_RobustMeanAbsoluteDeviation_std,muscularis,0.0036241481917517306,0.0015699210549437277,0.003525
necrosis_E_original_firstorder_Entropy_std,necrosis,0.003446417943085123,0.0006534264775937253,0.002511
tumor_H_original_firstorder_Kurtosis_std,tumor,0.0033714193533140426,0.002922550677057646,0.002934
urothelium_E_original_firstorder_RootMeanSquared_std,urothelium,0.0032271562873982472,0.0028464442674456586,0.002419
urothelium_E_original_firstorder_Skewness_mean,urothelium,0.003075039738099539,0.0037621077166020553,0.003072
urothelium_E_original_firstorder_Mean_std,urothelium,0.0027537654126782996,0.0016397957305546917,0.001823
muscularis_E_original_firstorder_Variance_std,muscularis,0.0024897530060144614,0.0020952119846551535,0.003044
vessels_E_original_firstorder_Median_mean,vessels,0.0023860228750567257,0.0009272391827515019,0.00094
adipose_H_original_firstorder_Skewness_std,adipose,0.002234611642854434,0.0033668601739695425,0.004798
necrosis_H_original_firstorder_InterquartileRange_std,necrosis,0.0022041045689781048,0.0007639131089036485,0.002606
tumor_H_original_firstorder_InterquartileRange_std,tumor,0.0021803078386822606,0.0015286801390976597,0.002403
tumor_E_original_firstorder_90Percentile_std,tumor,0.002145688750001562,0.0005165325318698519,0.002035
muscularis_E_original_firstorder_InterquartileRange_std,muscularis,0.0021101285705188767,0.0013695447157652258,0.004017
urothelium_H_original_firstorder_Median_mean,urothelium,0.00207978859697574,0.0008576855319388566,0.001954
tumor_H_original_firstorder_90Percentile_std,tumor,0.0018707207588562259,0.001971925638662775,0.002034
muscularis_E_original_firstorder_Median_std,muscularis,0.001675094083528983,0.002573531292927885,0.002894
vessels_H_original_firstorder_Kurtosis_std,vessels,0.0016578494309124503,0.002351340768912666,0.003131
urothelium_H_original_firstorder_10Percentile_mean,urothelium,0.0015220243077701868,0.0011115099951726365,0.002687
urothelium_H_original_firstorder_Kurtosis_std,urothelium,0.0015177428682862982,0.0006734207054019354,0.002369
lamina_E_original_firstorder_InterquartileRange_std,lamina,0.001497660470327966,0.0007673607377051398,0.00423
adipose_H_original_firstorder_RobustMeanAbsoluteDeviation_mean,adipose,0.0013336961210997922,0.0031471677799309503,0.008349
urothelium_E_original_firstorder_90Percentile_std,urothelium,0.0012916657812810151,0.0010158546369041545,0.003747
necrosis_H_original_firstorder_MeanAbsoluteDeviation_std,necrosis,0.0012579421551567437,0.0005780494408399051,0.002707
urothelium_H_original_firstorder_10Percentile_std,urothelium,0.001244881726070235,0.0006640553433273623,0.003858
immune_H_original_firstorder_Median_std,immune,0.001234606639470137,0.0006220844719107806,0.003225
adipose_H_original_firstorder_Entropy_mean,adipose,0.0011870406346416896,0.003484403485316402,0.008747
immune_H_original_firstorder_Entropy_mean,immune,0.001182596562349958,0.0009398482761329471,0.005535
lamina_E_original_firstorder_RobustMeanAbsoluteDeviation_std,lamina,0.0011461322322257605,0.0007610372491332686,0.004649
immune_H_original_firstorder_Uniformity_mean,immune,0.0011417808482065196,0.000549028660499364,0.005764
necrosis_E_original_firstorder_10Percentile_mean,necrosis,0.0011200343498141917,0.0005463476871342172,0.003178
necrosis_E_original_firstorder_Skewness_mean,necrosis,0.001094973860908921,0.0006396041849104475,0.001943
urothelium_H_original_firstorder_Mean_std,urothelium,0.001091733523433569,0.00043735424021305137,0.004232
urothelium_E_original_firstorder_Skewness_std,urothelium,0.0010910149841117823,0.00042476726902431833,0.002981
lamina_E_original_firstorder_Variance_std,lamina,0.0010829847342211263,0.0005442715475440796,0.00268
tumor_E_original_firstorder_Entropy_std,tumor,0.0010393153168703373,0.000883154219070134,0.002034
vessels_E_original_firstorder_10Percentile_mean,vessels,0.001001548724964274,0.00036440672822866303,0.001919
muscularis_H_original_firstorder_Median_mean,muscularis,0.0009652347564551133,0.000708527269984151,0.003304
necrosis_H_original_firstorder_Kurtosis_std,necrosis,0.0009517455069909753,0.001457530793368521,0.001913
muscularis_H_original_firstorder_Median_std,muscularis,0.0009490711179017785,0.00027264008844507065,0.002506
muscularis_E_original_firstorder_Entropy_std,muscularis,0.0009327510288917096,0.0015600263658040938,0.00265
muscularis_H_original_firstorder_Mean_std,muscularis,0.000932212937426824,0.0005171165381043896,0.002283
lamina_E_original_firstorder_Skewness_mean,lamina,0.000930737879738186,0.000691380886397393,0.001288
tumor_H_original_firstorder_RobustMeanAbsoluteDeviation_std,tumor,0.0009160554490187823,0.0010722430697213728,0.002248
adipose_H_original_firstorder_Median_mean,adipose,0.0008959851033726984,0.0004065715788290605,0.005507
adipose_H_original_firstorder_10Percentile_mean,adipose,0.0008913141050897799,0.000344087438056597,0.002485
tumor_H_original_firstorder_MeanAbsoluteDeviation_std,tumor,0.0008712094160280293,0.0010841441486178953,0.002533
necrosis_E_original_firstorder_90Percentile_std,necrosis,0.0008646769681367683,0.00043594792019666345,0.002696
muscularis_E_original_firstorder_RobustMeanAbsoluteDeviation_mean,muscularis,0.0008095201552798525,0.0005021041775369083,0.002178
adipose_E_original_firstorder_MeanAbsoluteDeviation_std,adipose,0.0008088292921596074,0.0003903338735141626,0.001436
necrosis_H_original_firstorder_10Percentile_mean,necrosis,0.0007662197601693399,0.0002751469823415963,0.001629
adipose_H_original_firstorder_Variance_mean,adipose,0.0007511858072222655,0.00036085089620257403,0.005568
necrosis_E_original_firstorder_90Percentile_mean,necrosis,0.0006863085118564705,0.0004290677219186461,0.001559
lamina_H_original_firstorder_Kurtosis_std,lamina,0.0006818258926377218,0.0006196353527378326,0.00543
tumor_E_original_firstorder_Kurtosis_std,tumor,0.0006725334498117741,0.00013778821070436475,0.001295
urothelium_H_original_firstorder_InterquartileRange_mean,urothelium,0.000639427909080692,0.00035895093762573934,0.001848
lamina_H_original_firstorder_InterquartileRange_std,lamina,0.0006317720558329909,0.0005518877070479925,0.002104
lamina_E_original_firstorder_MeanAbsoluteDeviation_std,lamina,0.0006011563346978388,0.0006109336176305519,0.002702
tumor_E_original_firstorder_Median_mean,tumor,0.0005996686201221069,0.0004019934899653363,0.001826
immune_H_original_firstorder_RootMeanSquared_std,immune,0.0005994460096364063,0.0004782433124803092,0.001366
lamina_H_original_firstorder_Median_mean,lamina,0.0005967029238349575,0.00016925746807991366,0.003375
tumor_E_original_firstorder_Mean_std,tumor,0.0005946659549213251,0.0007539192901240835,0.001623
muscularis_E_original_firstorder_MeanAbsoluteDeviation_std,muscularis,0.000590201428662096,0.0020697115168182194,0.002973
tumor_H_original_firstorder_10Percentile_std,tumor,0.0005896497356051355,0.000429283980011299,0.002364
necrosis_E_original_firstorder_InterquartileRange_mean,necrosis,0.0005851803128157252,0.0005286147611582903,0.001717
muscularis_H_original_firstorder_InterquartileRange_mean,muscularis,0.0005596646038913744,0.0009053571786907772,0.003125
immune_H_original_firstorder_InterquartileRange_mean,immune,0.0005578928636562397,0.0015604591882938956,0.005887
immune_E_original_firstorder_10Percentile_std,immune,0.0005212651144189673,0.00027823960428403514,0.001563
lamina_E_original_firstorder_Kurtosis_std,lamina,0.0004970872838251039,0.00024521086976148494,0.001174
lamina_H_original_firstorder_RobustMeanAbsoluteDeviation_mean,lamina,0.000496806845435116,0.0004841121167035068,0.00219
urothelium_E_original_firstorder_InterquartileRange_mean,urothelium,0.0004932301892260127,0.0003501961465911769,0.001334
necrosis_H_original_firstorder_RobustMeanAbsoluteDeviation_std,necrosis,0.0004892818201897908,0.0005374957821706603,0.00304
necrosis_E_original_firstorder_RobustMeanAbsoluteDeviation_mean,necrosis,0.0004861197183812727,0.00011264705421771,0.001713
adipose_E_original_firstorder_90Percentile_std,adipose,0.0004786197404726522,0.0004746572048028669,0.00157
necrosis_E_original_firstorder_MeanAbsoluteDeviation_std,necrosis,0.00047658655268547625,0.0020753289719471694,0.003834
tumor_E_original_firstorder_Median_std,tumor,0.0004692537814912079,0.0009984880701729903,0.001508
adipose_H_original_firstorder_MeanAbsoluteDeviation_mean,adipose,0.00046214661758721133,0.0007558190277268922,0.006853
adipose_H_original_firstorder_TotalEnergy_mean,adipose,0.00046199029563297466,0.00015371116581327875,0.004768
urothelium_H_original_firstorder_RootMeanSquared_std,urothelium,0.0004566363272782037,0.0003696718381387991,0.004266
urothelium_E_original_firstorder_Range_mean,urothelium,0.00045041126272811206,0.00023060890858649083,0.001346
muscularis_E_original_firstorder_Kurtosis_mean,muscularis,0.0004495984205078685,0.00031822169395417075,0.001645
lamina_H_original_firstorder_RobustMeanAbsoluteDeviation_std,lamina,0.00043200289431062356,0.000602804661370752,0.002118
lamina_H_original_firstorder_InterquartileRange_mean,lamina,0.0004217305084849965,0.0004970524010704882,0.002196
lamina_H_original_firstorder_Skewness_mean,lamina,0.00041369867625409287,0.000454522638444797,0.001789
adipose_E_original_firstorder_MeanAbsoluteDeviation_mean,adipose,0.0004076055081189689,0.00017763015580644887,0.001052
immune_E_original_firstorder_RootMeanSquared_std,immune,0.0004046578813690194,0.0003071694787411241,0.001296
immune_H_original_firstorder_RobustMeanAbsoluteDeviation_mean,immune,0.0004028106827182132,0.00033512278827819476,0.005758
tumor_H_original_firstorder_Entropy_std,tumor,0.00039058266771990757,0.00024818882880738073,0.002028
necrosis_E_original_firstorder_Median_mean,necrosis,0.00038690789222074474,0.0003857103627349859,0.002455
immune_H_original_firstorder_Skewness_mean,immune,0.0003860798779155572,0.0015278417491081159,0.005503
immune_H_original_firstorder_MeanAbsoluteDeviation_std,immune,0.00038302639697046503,0.00023315028358750675,0.001631
urothelium_H_original_firstorder_Entropy_std,urothelium,0.00038138710779065386,0.0004417263327463936,0.002898
necrosis_E_original_firstorder_RootMeanSquared_std,necrosis,0.00037639174582065893,0.00029487963399160163,0.002506
tumor_H_original_firstorder_Energy_std,tumor,0.00037595555765810305,0.00016829030987506767,0.001646
immune_H_original_firstorder_90Percentile_std,immune,0.0003671175519211256,0.0003178656445899456,0.001728
urothelium_H_original_firstorder_TotalEnergy_std,urothelium,0.00036423626962134303,0.0003217300107759248,0.003695
urothelium_E_original_firstorder_Median_std,urothelium,0.0003592576347474785,0.00034795464973783275,0.001792
urothelium_H_original_firstorder_RobustMeanAbsoluteDeviation_mean,urothelium,0.00035892942714692565,0.0002387852518139766,0.001636
tumor_H_original_firstorder_Skewness_mean,tumor,0.0003581088216439987,0.00029168305298765495,0.001654
tumor_H_original_firstorder_RootMeanSquared_std,tumor,0.0003576650844532403,0.0002483869895807514,0.001755
urothelium_H_original_firstorder_90Percentile_mean,urothelium,0.00035215641093718777,0.0003840802436091469,0.001768
muscularis_E_original_firstorder_InterquartileRange_mean,muscularis,0.0003498867360285041,0.00031694066776802803,0.002118
muscularis_H_original_firstorder_MeanAbsoluteDeviation_mean,muscularis,0.0003487345658418128,0.00020938073762243108,0.002334
vessels_E_original_firstorder_RobustMeanAbsoluteDeviation_std,vessels,0.00034805644174615844,0.001044774044993387,0.001933
immune_H_original_firstorder_10Percentile_std,immune,0.0003426394885997164,0.0002300268713117876,0.001834
necrosis_E_original_firstorder_Kurtosis_mean,necrosis,0.00034241771064695835,0.00013853539851501123,0.001558
urothelium_E_original_firstorder_Entropy_std,urothelium,0.00034182503997856053,0.0005650239965852516,0.00506
necrosis_H_original_firstorder_RootMeanSquared_mean,necrosis,0.00034151021106307853,0.0001611684859120393,0.002321
necrosis_E_original_firstorder_Variance_mean,necrosis,0.0003390162494944393,0.0003077553350711772,0.001667
tumor_E_original_firstorder_RootMeanSquared_std,tumor,0.0003329642534003585,0.00024099433351134345,0.001696
immune_E_original_firstorder_Mean_std,immune,0.00032605778486675117,0.00030967603524057965,0.001254
adipose_H_original_firstorder_90Percentile_mean,adipose,0.0003259663975017313,0.00042512203604035,0.006541
necrosis_H_original_firstorder_90Percentile_std,necrosis,0.00031862655549445005,0.0008923033946404364,0.002836
tumor_H_original_firstorder_10Percentile_mean,tumor,0.0003100412154648846,0.00035743611565865294,0.002034
adipose_E_original_firstorder_Mean_std,adipose,0.0003060501371022095,0.00025540802492193663,0.001443
lamina_E_original_firstorder_Skewness_std,lamina,0.0003048269978191742,0.0002056336671409819,0.001116
lamina_E_original_firstorder_InterquartileRange_mean,lamina,0.0002899639533562537,0.00018555885404379006,0.001388
urothelium_H_original_firstorder_Mean_mean,urothelium,0.00028493867780903236,0.00027245672263677255,0.001945
adipose_H_original_firstorder_Mean_mean,adipose,0.00028454869232712453,0.0018494094493749357,0.008264
muscularis_H_original_firstorder_10Percentile_std,muscularis,0.00028263707929527816,0.0003227227905911704,0.001686
lamina_E_original_firstorder_RobustMeanAbsoluteDeviation_mean,lamina,0.00028146922198174495,9.842302669159628e-05,0.001312
lamina_E_original_firstorder_10Percentile_mean,lamina,0.0002778717494582472,0.00047673731959361907,0.002515
lamina_E_original_firstorder_Entropy_std,lamina,0.00027388774943750695,0.00038035767481110603,0.001798
adipose_E_original_firstorder_Uniformity_mean,adipose,0.0002727133630053613,0.00024087774828843042,0.001234
tumor_E_original_firstorder_Skewness_std,tumor,0.0002706051576596757,0.00043117410178631537,0.00136
tumor_E_original_firstorder_Mean_mean,tumor,0.0002622170956641745,0.00019812044838544234,0.001766
lamina_E_original_firstorder_Energy_mean,lamina,0.0002617113745921995,0.0002888699587716984,0.001279
urothelium_H_original_firstorder_Entropy_mean,urothelium,0.0002613783026206518,0.00017173839748202755,0.00149
tumor_E_original_firstorder_MeanAbsoluteDeviation_mean,tumor,0.0002577745204051851,0.00017106129934263612,0.00176
necrosis_H_original_firstorder_Kurtosis_mean,necrosis,0.0002443798607188907,0.00012081265670519637,0.001727
tumor_E_original_firstorder_RobustMeanAbsoluteDeviation_std,tumor,0.00024193366623662672,0.0007660250982514957,0.002192
tumor_H_original_firstorder_Skewness_std,tumor,0.00024075425780994975,0.00038332849181241686,0.001713
vessels_E_original_firstorder_RootMeanSquared_mean,vessels,0.00024026630436930764,0.000188050500385452,0.000832
adipose_E_original_firstorder_Kurtosis_std,adipose,0.00023755270176739618,0.0002488827505618184,0.001326
immune_E_original_firstorder_Kurtosis_std,immune,0.00023386639421645316,0.00042217761898516584,0.001926
lamina_H_original_firstorder_MeanAbsoluteDeviation_std,lamina,0.00023156293603195932,0.0006768874278764033,0.002163
urothelium_H_original_firstorder_Median_std,urothelium,0.00023121899867106777,0.0002757971019586176,0.004217
lamina_E_original_firstorder_Median_mean,lamina,0.00023035337556479574,0.0003184350542940576,0.001593
adipose_H_original_firstorder_Energy_mean,adipose,0.00022249023864142625,0.0004404424208361557,0.004773
urothelium_E_original_firstorder_Energy_mean,urothelium,0.00022026424848610172,9.623807955607644e-05,0.001503
urothelium_H_original_firstorder_TotalEnergy_mean,urothelium,0.00021720000853410194,0.00023514750007484433,0.002387
vessels_E_original_firstorder_MeanAbsoluteDeviation_std,vessels,0.000214707924558577,0.0007857198317405719,0.002093
immune_H_original_firstorder_TotalEnergy_std,immune,0.00021399147590899225,0.0001525050954413342,0.001733
vessels_E_original_firstorder_TotalEnergy_mean,vessels,0.00021232241791304673,7.874976924433834e-05,0.000885
immune_H_original_firstorder_Entropy_std,immune,0.000211095836629438,0.00042001559491279566,0.001473
necrosis_E_original_firstorder_Kurtosis_std,necrosis,0.00021073678110102855,0.00023158056767212283,0.001311
muscularis_E_original_firstorder_Mean_mean,muscularis,0.0002091982957894034,0.0003417905907738997,0.001584
immune_E_original_firstorder_MeanAbsoluteDeviation_std,immune,0.0002067921562145303,0.00022049363200745548,0.001382
adipose_E_original_firstorder_Skewness_mean,adipose,0.0002060749672646911,0.00022808160273582074,0.001211
vessels_E_original_firstorder_RootMeanSquared_std,vessels,0.0002050640619543409,0.00032582173806014686,0.001486
necrosis_E_original_firstorder_MeanAbsoluteDeviation_mean,necrosis,0.00019927499093888023,0.0001150149566916638,0.001749
vessels_H_original_firstorder_90Percentile_std,vessels,0.00019556342676779748,0.00012444505060593138,0.001426
muscularis_H_original_firstorder_Kurtosis_mean,muscularis,0.00019146531045399762,0.0002134812209155936,0.002797
tumor_E_original_firstorder_Energy_mean,tumor,0.00019043654816882638,0.00013024944788501362,0.002009
adipose_E_original_firstorder_TotalEnergy_std,adipose,0.00018583087887690252,0.00011964743429923381,0.00125
adipose_H_original_firstorder_TotalEnergy_std,adipose,0.00018334131384338813,0.0004010041911175234,0.001808
immune_H_original_firstorder_RobustMeanAbsoluteDeviation_std,immune,0.00018326969224871092,0.00029194601147186064,0.003113
adipose_E_original_firstorder_90Percentile_mean,adipose,0.00018278845881934956,0.00011097678358297818,0.000947
tumor_H_original_firstorder_Variance_std,tumor,0.00017782087778857037,0.0005933258149613199,0.001761
vessels_E_original_firstorder_Kurtosis_mean,vessels,0.0001710056990693265,0.00017021875759584609,0.001657
muscularis_E_original_firstorder_Median_mean,muscularis,0.00016906418509995413,0.00012062799843071196,0.001299
lamina_H_original_firstorder_90Percentile_std,lamina,0.00016864063520668492,0.0006205824039587067,0.001829
vessels_E_original_firstorder_Entropy_mean,vessels,0.0001677719077906814,0.00012011788329208683,0.001078
muscularis_H_original_firstorder_Skewness_mean,muscularis,0.00016613962757195956,0.00031745854633044845,0.002256
immune_E_original_firstorder_Energy_std,immune,0.00016573725436622722,0.0003282553637466313,0.001429
adipose_E_original_firstorder_10Percentile_std,adipose,0.0001650918681498137,0.00020309457520086127,0.001388
muscularis_E_original_firstorder_Skewness_std,muscularis,0.00016268739769264017,0.0014702364399227813,0.00163
necrosis_H_original_firstorder_MeanAbsoluteDeviation_mean,necrosis,0.00016102201136559692,0.0004952435046212357,0.001759
lamina_H_original_firstorder_Median_std,lamina,0.00016087387258305607,0.0003902708490218252,0.001172
immune_H_original_firstorder_Mean_mean,immune,0.00015893277910031812,0.0005370107680965525,0.005316
immune_H_original_firstorder_Variance_std,immune,0.00015720247315725855,0.0006205213595574563,0.001942
necrosis_E_original_firstorder_Energy_std,necrosis,0.00015585986836635923,0.00030078289951272416,0.001657
lamina_E_original_firstorder_Entropy_mean,lamina,0.00015407900091300996,7.889424382471775e-05,0.00151
muscularis_H_original_firstorder_RootMeanSquared_mean,muscularis,0.00014464976790741214,0.0002716104353108381,0.002783
adipose_E_original_firstorder_RobustMeanAbsoluteDeviation_std,adipose,0.00014247352430203365,0.0001879864783895521,0.001379
vessels_H_original_firstorder_10Percentile_std,vessels,0.00014244936946948837,0.00022347540247184204,0.002252
lamina_H_original_firstorder_RootMeanSquared_mean,lamina,0.00014073906036082828,0.00030871450767317924,0.002534
immune_E_original_firstorder_Variance_std,immune,0.00014071869084392175,0.00041714630264586255,0.001547
muscularis_H_original_firstorder_InterquartileRange_std,muscularis,0.00014003519755273475,0.000406919988330015,0.001845
urothelium_H_original_firstorder_Variance_mean,urothelium,0.00013915919541183098,0.00023878924110552985,0.00215
immune_H_original_firstorder_TotalEnergy_mean,immune,0.0001338658250342295,0.00035971088963863415,0.004177
urothelium_E_original_firstorder_Energy_std,urothelium,0.00013364101905622984,0.00017028040465011694,0.001375
lamina_E_original_firstorder_TotalEnergy_mean,lamina,0.00013172661102844874,0.00034932524529986657,0.001276
urothelium_H_original_firstorder_MeanAbsoluteDeviation_std,urothelium,0.00012791467124544375,0.0001572847468310229,0.002654
tumor_E_original_firstorder_Uniformity_mean,tumor,0.00012782434793723318,0.00022809896006289963,0.001711
tumor_H_original_firstorder_Energy_mean,tumor,0.00012520893763151575,0.00014149512226420503,0.002083
vessels_E_original_firstorder_TotalEnergy_std,vessels,0.00012027165226911052,0.0001904868418750754,0.001356
adipose_H_original_firstorder_RobustMeanAbsoluteDeviation_std,adipose,0.00011787223396141356,0.0001999825366430892,0.001947
adipose_E_original_firstorder_Variance_mean,adipose,0.00011725297864586536,0.00014536303768670133,0.001062
tumor_E_original_firstorder_TotalEnergy_mean,tumor,0.00011585250556332971,0.0001631355147133113,0.002019
adipose_E_original_firstorder_Variance_std,adipose,0.00011548192233200583,0.0001943786942621119,0.001182
lamina_E_original_firstorder_Variance_mean,lamina,0.00011445171163895206,0.00022241510232268988,0.001161
lamina_E_original_firstorder_90Percentile_mean,lamina,0.000113203384610705,0.0002128402331186953,0.001398
immune_E_original_firstorder_Mean_mean,immune,0.00011098901090732527,0.00022345383449980086,0.001073
lamina_H_original_firstorder_RootMeanSquared_std,lamina,0.00011057681368549232,0.0004865033978814179,0.001454
lamina_E_original_firstorder_MeanAbsoluteDeviation_mean,lamina,0.00010984035705279283,0.0001375395332158281,0.001253
adipose_H_original_firstorder_Variance_std,adipose,0.0001060169450082027,0.00024689159411723073,0.001805
urothelium_H_original_firstorder_Uniformity_mean,urothelium,0.00010567274323479703,0.00024225747186577113,0.001652
tumor_E_original_firstorder_Entropy_mean,tumor,0.00010319782014951428,0.00015639325248030384,0.001727
adipose_E_original_firstorder_Energy_mean,adipose,0.00010081331366803558,7.373377294881776e-05,0.000849
necrosis_H_original_firstorder_TotalEnergy_std,necrosis,0.00010052157979193455,0.0004735630976051939,0.002554
lamina_E_original_firstorder_TotalEnergy_std,lamina,0.00010036610076075148,0.00011532472566734827,0.001372
muscularis_H_original_firstorder_90Percentile_mean,muscularis,9.905894997361831e-05,0.0002287188453040603,0.002087
urothelium_E_original_firstorder_10Percentile_mean,urothelium,9.566536034661954e-05,0.0002368207826153271,0.001577
immune_H_original_firstorder_Mean_std,immune,9.555165416758049e-05,0.0005195565402962102,0.001748
adipose_H_original_firstorder_RootMeanSquared_mean,adipose,9.448441781980676e-05,0.0002695684417999789,0.004987
immune_E_original_firstorder_Variance_mean,immune,9.326402402475287e-05,0.0005218944122167567,0.001156
vessels_E_original_firstorder_MeanAbsoluteDeviation_mean,vessels,9.105902786226139e-05,0.00014794087647200792,0.000994
necrosis_E_original_firstorder_Mean_mean,necrosis,8.974993528858555e-05,0.00022588186952930773,0.001961
tumor_H_original_firstorder_Mean_std,tumor,8.85249676743416e-05,0.0001740517023941197,0.001563
vessels_H_original_firstorder_Variance_mean,vessels,8.773432635383882e-05,0.00030984661726155276,0.001166
necrosis_H_original_firstorder_RobustMeanAbsoluteDeviation_mean,necrosis,8.628681514259995e-05,0.0004677930352758061,0.002251
immune_E_original_firstorder_Skewness_mean,immune,8.525190192261167e-05,0.00019682025896309966,0.001283
vessels_E_original_firstorder_Maximum_std,vessels,8.37170353018557e-05,0.00013151556429391456,0.000331
necrosis_E_original_firstorder_10Percentile_std,necrosis,8.163561147122023e-05,0.0003655467567715512,0.002107
lamina_H_original_firstorder_Energy_mean,lamina,7.888129197778371e-05,0.00017579734689581968,0.001799
adipose_H_original_firstorder_90Percentile_std,adipose,7.699878517321012e-05,0.0001255483199653038,0.001539
tumor_E_original_firstorder_RobustMeanAbsoluteDeviation_mean,tumor,7.188845302762426e-05,9.689718664997852e-05,0.001685
necrosis_H_original_firstorder_Energy_mean,necrosis,7.12238064201176e-05,0.00012212588402154247,0.001886
necrosis_E_original_firstorder_Entropy_mean,necrosis,6.90579756085663e-05,0.00021747986428971908,0.002078
lamina_E_original_firstorder_RootMeanSquared_mean,lamina,6.571974162449257e-05,0.00012387986681504926,0.001386
muscularis_H_original_firstorder_RootMeanSquared_std,muscularis,6.407494515233702e-05,0.0007137310405821709,0.001606
vessels_H_original_firstorder_InterquartileRange_std,vessels,5.5938064742477864e-05,0.00011618606411503491,0.00132
immune_E_original_firstorder_RobustMeanAbsoluteDeviation_std,immune,5.51437119908238e-05,0.0002091875143214992,0.001325
urothelium_E_original_firstorder_Kurtosis_std,urothelium,5.338431406324284e-05,0.00043677551119604836,0.002081
vessels_E_original_firstorder_10Percentile_std,vessels,5.3384021901203835e-05,0.0002218387251549199,0.001473
tumor_E_original_firstorder_TotalEnergy_std,tumor,5.314448627337098e-05,0.0004829342202838891,0.001219
immune_E_original_firstorder_10Percentile_mean,immune,5.2366996968267185e-05,0.00040392377861698815,0.001625
immune_E_original_firstorder_Entropy_std,immune,5.1014243510094647e-05,0.00043156008344649266,0.001669
adipose_E_original_firstorder_InterquartileRange_std,adipose,4.985375111704604e-05,0.00032581359982513655,0.001401
urothelium_H_original_firstorder_90Percentile_std,urothelium,4.902174319941777e-05,0.00028237560456302553,0.00372
tumor_E_original_firstorder_10Percentile_mean,tumor,4.883546314036202e-05,0.0004444092908010012,0.001815
vessels_H_original_firstorder_TotalEnergy_std,vessels,4.803008439333567e-05,0.00046532576819721417,0.001828
immune_E_original_firstorder_Kurtosis_mean,immune,4.789742874325986e-05,0.0003117120369088864,0.00124
immune_H_original_firstorder_Energy_mean,immune,4.7706749165488116e-05,0.0004233572376128782,0.004175
tumor_E_original_firstorder_Variance_std,tumor,4.666396485071278e-05,0.00045484092416934546,0.001712
lamina_H_original_firstorder_Mean_std,lamina,4.534936259261713e-05,0.00039353223739360714,0.001245
adipose_H_original_firstorder_RootMeanSquared_std,adipose,4.098231412951181e-05,0.0005963800104675683,0.001584
adipose_E_original_firstorder_Skewness_std,adipose,3.8559537532389945e-05,0.00022802019578424274,0.001532
adipose_E_original_firstorder_Entropy_mean,adipose,3.4637050140884365e-05,7.204367895284292e-05,0.001096
tumor_E_original_firstorder_90Percentile_mean,tumor,3.318477777541906e-05,0.000144962114479642,0.001522
vessels_E_original_firstorder_Range_mean,vessels,3.2880078977914896e-05,6.52144898303105e-05,0.000337
urothelium_H_original_firstorder_RobustMeanAbsoluteDeviation_std,urothelium,3.2483833784424655e-05,0.00022722665197192566,0.002635
muscularis_E_original_firstorder_Entropy_mean,muscularis,3.1658931569245044e-05,0.0002605710160580792,0.001585
necrosis_H_original_firstorder_TotalEnergy_mean,necrosis,3.136472145059965e-05,0.00015186468056050867,0.001888
lamina_E_original_firstorder_Median_std,lamina,2.9275977371001626e-05,8.977349340908011e-05,0.001458
urothelium_E_original_firstorder_Median_mean,urothelium,2.666661371691914e-05,0.00010392927143216516,0.001269
tumor_E_original_firstorder_InterquartileRange_mean,tumor,2.4704316905987955e-05,0.00024221627341079383,0.001777
tumor_E_original_firstorder_RootMeanSquared_mean,tumor,2.3931635226914772e-05,0.00013173183923214548,0.001656
tumor_E_original_firstorder_Maximum_std,tumor,2.3495533664663615e-05,1.159501069718537e-05,4e-06
muscularis_H_original_firstorder_MeanAbsoluteDeviation_std,muscularis,1.9376174209095875e-05,0.0002245920273069274,0.001471
tumor_E_original_firstorder_Range_std,tumor,1.931527878833439e-05,9.142930342080828e-06,4e-06
immune_E_original_firstorder_Entropy_mean,immune,1.854462179415872e-05,0.00036146490037772906,0.00116
lamina_H_original_firstorder_MeanAbsoluteDeviation_mean,lamina,1.6500287829745997e-05,0.00026109548387442884,0.00185
vessels_E_original_firstorder_Mean_mean,vessels,1.623109622432839e-05,4.8218388165683805e-05,0.000935
lamina_H_original_firstorder_TotalEnergy_std,lamina,1.464156067075839e-05,0.00018460614967885652,0.001101
adipose_E_original_firstorder_Energy_std,adipose,9.710149167940773e-06,0.00012145186414033532,0.001247
vessels_E_original_firstorder_90Percentile_mean,vessels,9.61100200057574e-06,8.680406099058791e-05,0.000899
lamina_H_original_firstorder_Mean_mean,lamina,9.442584641028429e-06,0.00021288245640213656,0.003784
urothelium_E_original_firstorder_TotalEnergy_mean,urothelium,8.28648744434224e-06,0.0002046616936475825,0.001501
urothelium_E_original_firstorder_Range_std,urothelium,8.265823962438912e-06,0.00016319617765011402,0.001334
tumor_H_original_firstorder_Median_std,tumor,7.17189668522078e-06,0.00024124048831909744,0.001706
adipose_H_original_firstorder_Energy_std,adipose,4.982001194553387e-06,0.00028630446839941607,0.001811
tumor_E_original_firstorder_Skewness_mean,tumor,1.682865293128888e-06,0.0001462809757582979,0.00127
immune_E_original_firstorder_Range_mean,immune,1.4777914929653413e-06,9.377949222345728e-06,0.0
vessels_H_original_firstorder_Range_mean,vessels,3.8717490074002826e-07,4.5075973895099687e-07,1e-06
vessels_H_original_firstorder_Maximum_std,vessels,2.048690577849399e-07,1.502751814056962e-06,1e-06
lamina_E_original_firstorder_Maximum_std,lamina,1.0981745648397379e-07,3.2442854235893297e-07,1e-06
immune_E_original_firstorder_Maximum_mean,immune,2.8773185056785167e-08,8.631955524437038e-08,0.0
immune_H_original_firstorder_Maximum_std,immune,5.551115123125783e-17,1.0235750533041807e-16,0.0
lamina_H_original_firstorder_Range_std,lamina,3.3306690738754695e-17,9.992007221626409e-17,0.0
necrosis_E_original_firstorder_Maximum_std,necrosis,2.2204460492503132e-17,4.440892098500627e-17,0.0
lamina_H_original_firstorder_Maximum_mean,lamina,2.2204460492503132e-17,9.678699938266253e-17,0.0
necrosis_E_original_firstorder_Range_mean,necrosis,1.1102230246251566e-17,9.222205069512408e-17,0.0
immune_E_original_firstorder_Maximum_std,immune,1.1102230246251566e-17,1.260970960048685e-16,0.0
lamina_H_original_firstorder_Maximum_std,lamina,0.0,8.599750569898517e-17,0.0
lamina_H_original_firstorder_Range_mean,lamina,0.0,8.599750569898517e-17,0.0
immune_E_original_firstorder_Range_std,immune,-2.2204460492503132e-17,1.631687946612622e-16,0.0
vessels_H_original_firstorder_Maximum_mean,vessels,-2.2204460492503132e-17,1.3866681133119837e-16,1e-06
immune_H_original_firstorder_Maximum_mean,immune,-2.2204460492503132e-17,1.0877919644084146e-16,0.0
immune_H_original_firstorder_Range_mean,immune,-3.3306690738754695e-17,1.318316798730503e-16,0.0
immune_H_original_firstorder_Range_std,immune,-3.3306690738754695e-17,1.318316798730503e-16,0.0
necrosis_E_original_firstorder_Maximum_mean,necrosis,-2.641691299043458e-09,7.925074045160111e-09,0.0
adipose_E_original_firstorder_Range_std,adipose,-8.014953857271579e-08,7.566196569058453e-07,2e-06
adipose_E_original_firstorder_Maximum_mean,adipose,-2.875956513936906e-07,6.505145352193799e-06,2e-06
necrosis_E_original_firstorder_Range_std,necrosis,-3.010716506768318e-07,5.438959822042177e-17,0.0
urothelium_H_original_firstorder_Maximum_std,urothelium,-4.935904099778731e-07,2.240183790673566e-06,4e-06
tumor_E_original_firstorder_Range_mean,tumor,-6.215516528684795e-07,4.343843592866544e-06,3e-06
urothelium_H_original_firstorder_Range_std,urothelium,-1.112625960619784e-06,1.4936523181714316e-16,3e-06
urothelium_E_original_firstorder_MeanAbsoluteDeviation_std,urothelium,-1.6605611878661718e-06,0.0006057343040156229,0.003034
vessels_H_original_firstorder_Range_std,vessels,-2.0346804555537725e-06,1.5252665323928857e-05,1e-06
lamina_E_original_firstorder_Range_mean,lamina,-2.0497007923392375e-06,4.042536154047482e-07,1e-06
tumor_E_original_firstorder_Maximum_mean,tumor,-2.1717892587092003e-06,1.274113365432675e-05,4e-06
urothelium_H_original_firstorder_Range_mean,urothelium,-2.3175202345959713e-06,3.6533348978345728e-06,4e-06
lamina_E_original_firstorder_Maximum_mean,lamina,-3.4085084616997108e-06,5.898971232172825e-06,1e-06
urothelium_E_original_firstorder_TotalEnergy_std,urothelium,-4.226952508734616e-06,0.00018074679334767043,0.001385
muscularis_H_original_firstorder_Variance_std,muscularis,-5.70503684680368e-06,0.0002786822363642932,0.00133
lamina_E_original_firstorder_Energy_std,lamina,-5.75629973043057e-06,0.0002492990322226414,0.001367
adipose_E_original_firstorder_Range_mean,adipose,-6.051490359992861e-06,7.091893334564382e-08,2e-06
tumor_H_original_firstorder_Kurtosis_mean,tumor,-6.168112713633711e-06,0.0003536990784199086,0.001753
urothelium_H_original_firstorder_Maximum_mean,urothelium,-6.435623567146998e-06,7.378395095036733e-06,3e-06
vessels_E_original_firstorder_RobustMeanAbsoluteDeviation_mean,vessels,-1.011322699974171e-05,0.0004990845495005219,0.001045
adipose_E_original_firstorder_Maximum_std,adipose,-1.2383360352941075e-05,1.1295452108630852e-05,2e-06
muscularis_H_original_firstorder_RobustMeanAbsoluteDeviation_mean,muscularis,-1.2970420503544133e-05,0.0007336251677976105,0.002598
muscularis_H_original_firstorder_Energy_mean,muscularis,-1.3002950308771411e-05,0.00020433020192132335,0.002545
lamina_E_original_firstorder_Range_std,lamina,-1.3355641316314947e-05,7.2540362928150476e-06,1e-06
adipose_H_original_firstorder_MeanAbsoluteDeviation_std,adipose,-1.3602784739263906e-05,0.00018468080519051295,0.001474
lamina_E_original_firstorder_Mean_std,lamina,-1.4236702358561004e-05,0.00020755953215399257,0.001375
immune_E_original_firstorder_Median_mean,immune,-1.6428931947387594e-05,0.00023687027029340306,0.001061
vessels_E_original_firstorder_Maximum_mean,vessels,-1.8512118165303627e-05,3.4655412781309967e-05,0.000332
tumor_E_original_firstorder_Variance_mean,tumor,-2.119400073263833e-05,0.0001165648049329751,0.001886
lamina_H_original_firstorder_Variance_mean,lamina,-2.1912765199394445e-05,0.00011459017624304782,0.0016
urothelium_E_original_firstorder_Variance_std,urothelium,-2.328576153040052e-05,0.00030933759302592125,0.001801
muscularis_H_original_firstorder_Mean_mean,muscularis,-2.354269403032072e-05,0.00023906707740067824,0.002619
muscularis_H_original_firstorder_TotalEnergy_std,muscularis,-2.4884241536216044e-05,0.00021270665755440067,0.002021
lamina_E_original_firstorder_Kurtosis_mean,lamina,-2.5722852350673618e-05,0.00014395120448224845,0.00133
muscularis_E_original_firstorder_RootMeanSquared_mean,muscularis,-2.7493135341249976e-05,7.57092101520517e-05,0.001294
lamina_E_original_firstorder_Uniformity_mean,lamina,-3.066497868889906e-05,0.0001474033854184555,0.001615
adipose_E_original_firstorder_TotalEnergy_mean,adipose,-3.2326615927802395e-05,6.965817793685173e-05,0.000848
muscularis_H_original_firstorder_Skewness_std,muscularis,-4.823585570620237e-05,0.0006647946200490794,0.002424
urothelium_E_original_firstorder_Uniformity_mean,urothelium,-4.9869698242266394e-05,0.00019802859799713268,0.001664
necrosis_E_original_firstorder_TotalEnergy_std,necrosis,-5.076772779991634e-05,0.0002497468598940778,0.001656
necrosis_E_original_firstorder_RobustMeanAbsoluteDeviation_std,necrosis,-5.2943744869748954e-05,0.0007156056096100195,0.004033
urothelium_E_original_firstorder_InterquartileRange_std,urothelium,-5.3191134521335395e-05,0.0007167726552216018,0.002076
urothelium_E_original_firstorder_Maximum_std,urothelium,-5.369122449164765e-05,7.540816123905318e-05,0.001338
necrosis_E_original_firstorder_Mean_std,necrosis,-5.5538431783730416e-05,0.0003202612144279773,0.002028
urothelium_E_original_firstorder_Entropy_mean,urothelium,-5.759277484999048e-05,0.00023716044622010856,0.001509
urothelium_H_original_firstorder_Variance_std,urothelium,-5.908053398830937e-05,0.00021983989512747618,0.002789
muscularis_E_original_firstorder_TotalEnergy_mean,muscularis,-5.9182458013951056e-05,0.00012573585164357438,0.001259
muscularis_H_original_firstorder_Variance_mean,muscularis,-6.10019876605028e-05,0.0001809673116959778,0.002203
urothelium_H_original_firstorder_Energy_std,urothelium,-6.121851245430854e-05,0.00021195356842472024,0.003689
lamina_H_original_firstorder_Energy_std,lamina,-7.187818190178552e-05,0.00020634933942912265,0.001106
necrosis_E_original_firstorder_RootMeanSquared_mean,necrosis,-7.550035139950451e-05,0.00043417039887719765,0.001562
urothelium_H_original_firstorder_Skewness_std,urothelium,-7.773955665031362e-05,0.0006629988444774465,0.001719
immune_H_original_firstorder_InterquartileRange_std,immune,-7.879572725101313e-05,0.0004552928398300916,0.003219
adipose_E_original_firstorder_Kurtosis_mean,adipose,-8.229218773684322e-05,0.00021968667388458477,0.00133
vessels_E_original_firstorder_Energy_mean,vessels,-8.292954854286494e-05,0.00015893039065034684,0.000887
muscularis_H_original_firstorder_10Percentile_mean,muscularis,-8.736956887055447e-05,0.0002683587139371114,0.001617
muscularis_E_original_firstorder_Energy_mean,muscularis,-8.845515511951563e-05,9.914775446965108e-05,0.001259
urothelium_H_original_firstorder_RootMeanSquared_mean,urothelium,-9.090261322223237e-05,0.00025660500500692676,0.001875
vessels_E_original_firstorder_Range_std,vessels,-9.136008578187748e-05,9.80699084882369e-05,0.000333
immune_E_original_firstorder_Skewness_std,immune,-9.159504259178552e-05,0.000298107886691242,0.001589
adipose_E_original_firstorder_RootMeanSquared_mean,adipose,-9.284889798474305e-05,0.00011337990401092208,0.000838
urothelium_E_original_firstorder_Maximum_mean,urothelium,-9.304588498360022e-05,0.00012536801220003557,0.001346
tumor_H_original_firstorder_TotalEnergy_std,tumor,-9.797710472547738e-05,0.0002152276477724321,0.001652
muscularis_H_original_firstorder_TotalEnergy_mean,muscularis,-9.851776002810509e-05,0.00021816693551827827,0.00254
tumor_H_original_firstorder_TotalEnergy_mean,tumor,-9.867224328976575e-05,0.0001311202659472904,0.00208
immune_E_original_firstorder_InterquartileRange_mean,immune,-9.903194237902424e-05,0.00014928206369535193,0.001193
necrosis_H_original_firstorder_Energy_std,necrosis,-0.00010032250430338507,0.000350823805623289,0.002556
necrosis_H_original_firstorder_Variance_std,necrosis,-0.0001004614128113479,0.000700660631995407,0.001786
urothelium_H_original_firstorder_InterquartileRange_std,urothelium,-0.00010457350657147035,0.0003622990235976335,0.002617
muscularis_E_original_firstorder_TotalEnergy_std,muscularis,-0.00010621179504758383,0.00023642858256457924,0.001428
adipose_E_original_firstorder_Median_std,adipose,-0.00010633352946439744,0.00011939830616730524,0.001315
immune_E_original_firstorder_90Percentile_mean,immune,-0.00010709413185044925,0.00010033916225591038,0.001153
lamina_H_original_firstorder_Uniformity_mean,lamina,-0.00010820455826697773,0.00019921662807226732,0.003809
urothelium_H_original_firstorder_Energy_mean,urothelium,-0.00010829427575836936,0.00014897159361697257,0.002381
immune_E_original_firstorder_TotalEnergy_mean,immune,-0.0001090375535169441,0.00022838065780250884,0.001055
vessels_E_original_firstorder_Skewness_mean,vessels,-0.00011264357604000575,0.0002948745352335909,0.001239
muscularis_H_original_firstorder_90Percentile_std,muscularis,-0.00011483590503706953,0.0010080064958822943,0.001661
vessels_E_original_firstorder_InterquartileRange_mean,vessels,-0.00012933229898939302,0.00015272573029354394,0.001029
muscularis_E_original_firstorder_Variance_mean,muscularis,-0.00013066838165654016,0.00015287900160136091,0.001809
lamina_H_original_firstorder_TotalEnergy_mean,lamina,-0.00013210212044171277,0.00012668870117877088,0.001799
immune_E_original_firstorder_90Percentile_std,immune,-0.00013534709642666344,0.00026571591038946995,0.001404
muscularis_H_original_firstorder_Energy_std,muscularis,-0.0001458538852135649,0.00026935951387471827,0.002012
vessels_H_original_firstorder_Entropy_mean,vessels,-0.00015167431449611968,0.00017542279602080618,0.001396
immune_E_original_firstorder_Uniformity_mean,immune,-0.00015314172439498953,0.00017359476996414047,0.001196
adipose_E_original_firstorder_Entropy_std,adipose,-0.0001596358884590532,0.00021471124824731704,0.001507
urothelium_H_original_firstorder_Skewness_mean,urothelium,-0.00016156445190113056,0.000253418859495003,0.001942
immune_H_original_firstorder_Energy_std,immune,-0.00016567655535624227,0.00018740203274620284,0.001734
necrosis_H_original_firstorder_Mean_std,necrosis,-0.0001688910293607626,0.0005749885652111282,0.002304
immune_E_original_firstorder_MeanAbsoluteDeviation_mean,immune,-0.00017499361962859395,0.00038135341354413017,0.001149
necrosis_H_original_firstorder_Median_std,necrosis,-0.00019236487647465993,0.0003262818194325796,0.002118
urothelium_E_original_firstorder_RobustMeanAbsoluteDeviation_std,urothelium,-0.00019853498624059496,0.0007281612552973821,0.002408
immune_E_original_firstorder_Energy_mean,immune,-0.00020072038179629325,0.000143393388010528,0.00105
vessels_E_original_firstorder_Variance_mean,vessels,-0.00020189076297777442,0.0004005108095357042,0.000996
immune_E_original_firstorder_Median_std,immune,-0.00020332405511089836,0.00024880542850729416,0.001258
necrosis_H_original_firstorder_InterquartileRange_mean,necrosis,-0.00020930010772562957,0.0006942365238266944,0.002643
adipose_H_original_firstorder_Mean_std,adipose,-0.00021417626833902803,0.0009145408465990614,0.002529
vessels_H_original_firstorder_MeanAbsoluteDeviation_mean,vessels,-0.0002160629820230242,0.0002351604418850869,0.001716
urothelium_E_original_firstorder_RootMeanSquared_mean,urothelium,-0.00021629226041235404,0.0001936832434756479,0.001482
lamina_H_original_firstorder_90Percentile_mean,lamina,-0.0002165523632399191,0.00014288331294760363,0.002201
adipose_E_original_firstorder_RootMeanSquared_std,adipose,-0.00021936566415229342,0.00025230199990080074,0.001618
urothelium_E_original_firstorder_Mean_mean,urothelium,-0.00022196461378704013,0.0001752336154378038,0.001372
adipose_E_original_firstorder_RobustMeanAbsoluteDeviation_mean,adipose,-0.00022362600557628286,0.00011771532999071591,0.001029
tumor_E_original_firstorder_MeanAbsoluteDeviation_std,tumor,-0.00022422827262944534,0.0009852469601004568,0.002393
lamina_H_original_firstorder_10Percentile_std,lamina,-0.0002286178913547543,0.00041069443808409403,0.001691
necrosis_E_original_firstorder_Skewness_std,necrosis,-0.00023333293517704412,0.00014388132081512157,0.001203
vessels_H_original_firstorder_MeanAbsoluteDeviation_std,vessels,-0.00023752650256240183,0.00037184294789978204,0.001414
immune_H_original_firstorder_Kurtosis_mean,immune,-0.0002391310272068181,0.0006096598426943529,0.005022
adipose_E_original_firstorder_InterquartileRange_mean,adipose,-0.00024270852233895245,0.00012761247899320348,0.000979
immune_E_original_firstorder_TotalEnergy_std,immune,-0.000242901310664978,0.00031822059627678866,0.001431
vessels_H_original_firstorder_RobustMeanAbsoluteDeviation_mean,vessels,-0.00026807593461201094,0.0001406264689741782,0.001505
necrosis_H_original_firstorder_90Percentile_mean,necrosis,-0.00027497873604435117,0.0003053985559298495,0.001596
vessels_H_original_firstorder_RobustMeanAbsoluteDeviation_std,vessels,-0.00028402171988022306,0.00019481545376044178,0.001414
immune_E_original_firstorder_InterquartileRange_std,immune,-0.00029020228548490843,0.00019323714885851654,0.001468
tumor_H_original_firstorder_90Percentile_mean,tumor,-0.00029097394006322164,0.00043277380857847,0.001871
adipose_E_original_firstorder_Median_mean,adipose,-0.00029435110437557864,0.0006474210328538404,0.001125
necrosis_E_original_firstorder_Median_std,necrosis,-0.0002965852411972225,0.0003741375719127252,0.001845
vessels_E_original_firstorder_Uniformity_mean,vessels,-0.00029936922201898584,0.00022410399692900692,0.001331
tumor_H_original_firstorder_Median_mean,tumor,-0.0002997954743648834,0.00023383706375942466,0.001848
adipose_H_original_firstorder_10Percentile_std,adipose,-0.0003007918870580273,0.000982460200897363,0.002238
lamina_E_original_firstorder_Mean_mean,lamina,-0.0003022754162780417,0.0004983022844773652,0.00162
tumor_E_original_firstorder_10Percentile_std,tumor,-0.00030716724498598414,0.0008850811392290605,0.001633
urothelium_E_original_firstorder_90Percentile_mean,urothelium,-0.0003087863716056072,0.00017500429178405455,0.001421
muscularis_H_original_firstorder_Entropy_mean,muscularis,-0.0003096396516907962,0.0005325564952195309,0.003852
necrosis_H_original_firstorder_Median_mean,necrosis,-0.000309958644525532,0.00030249462831713063,0.002261
immune_H_original_firstorder_Kurtosis_std,immune,-0.00031982586739336404,0.0006839864555392743,0.003624
urothelium_E_original_firstorder_Variance_mean,urothelium,-0.0003215762324542459,0.00012019062444451865,0.00122
necrosis_E_original_firstorder_TotalEnergy_mean,necrosis,-0.0003248876501770304,0.0003374402366271343,0.001646
muscularis_H_original_firstorder_Uniformity_mean,muscularis,-0.00032621160621536526,0.0007434466054022982,0.003152
tumor_H_original_firstorder_Uniformity_mean,tumor,-0.00032948322509094294,0.0003479011157978328,0.001498
tumor_E_original_firstorder_Kurtosis_mean,tumor,-0.0003302345725513467,0.00014675944320506788,0.001382
vessels_H_original_firstorder_Mean_std,vessels,-0.0003353621350916991,0.0003163476032322586,0.001556
lamina_H_original_firstorder_Entropy_mean,lamina,-0.0003386210255866162,0.00039571361705686444,0.004339
lamina_E_original_firstorder_10Percentile_std,lamina,-0.000354043354982847,0.00022023406642326772,0.001691
tumor_E_original_firstorder_InterquartileRange_std,tumor,-0.00035500625588233967,0.0008484369381951015,0.002356
urothelium_H_original_firstorder_MeanAbsoluteDeviation_mean,urothelium,-0.00035703990189800416,0.0002325691784488889,0.001913
vessels_E_original_firstorder_Skewness_std,vessels,-0.00035782571527223086,0.0004749245442123882,0.001785
vessels_E_original_firstorder_Energy_std,vessels,-0.00036353809495106584,0.0002759766290240076,0.001351
adipose_H_original_firstorder_InterquartileRange_std,adipose,-0.0003648604472242356,0.0004103110151191717,0.00279
vessels_H_original_firstorder_Variance_std,vessels,-0.000376207837268272,0.0006429214128302528,0.001251
vessels_H_original_firstorder_Energy_std,vessels,-0.00039078803793586304,0.00022531679127482166,0.001828
immune_H_original_firstorder_10Percentile_mean,immune,-0.0004019253415600943,0.00028297618411118614,0.00159
lamina_H_original_firstorder_Kurtosis_mean,lamina,-0.0004042796693394801,0.00037609821686174265,0.002876
immune_E_original_firstorder_RobustMeanAbsoluteDeviation_mean,immune,-0.00040707268767967706,0.0002497302251857647,0.001134
vessels_H_original_firstorder_Skewness_mean,vessels,-0.00040886017875350065,0.0022130136730256684,0.001812
vessels_H_original_firstorder_Entropy_std,vessels,-0.0004090238867772822,0.00035811145551268214,0.001381
urothelium_E_original_firstorder_MeanAbsoluteDeviation_mean,urothelium,-0.00041098387722634524,8.889108656832018e-05,0.001233
urothelium_E_original_firstorder_10Percentile_std,urothelium,-0.0004189295776642621,0.00013460499836415106,0.001154
necrosis_E_original_firstorder_Energy_mean,necrosis,-0.0004224503681712788,0.0005383127404546515,0.001639
adipose_E_original_firstorder_Mean_mean,adipose,-0.000430098414656499,9.245789157993884e-05,0.000891
lamina_E_original_firstorder_90Percentile_std,lamina,-0.0004382300336439271,0.0004959050455049334,0.001386
urothelium_E_original_firstorder_RobustMeanAbsoluteDeviation_mean,urothelium,-0.00043849452022970414,0.0002046315060945578,0.001355
vessels_E_original_firstorder_InterquartileRange_std,vessels,-0.00044253716052112814,0.0006294680679944764,0.001657
immune_H_original_firstorder_90Percentile_mean,immune,-0.0004430549438149023,0.0005691987646049403,0.004615
muscularis_E_original_firstorder_MeanAbsoluteDeviation_mean,muscularis,-0.0004472363283223757,0.0002225525709730446,0.00178
necrosis_H_original_firstorder_Entropy_mean,necrosis,-0.00044942934436639217,0.0012254562899931675,0.002361
necrosis_E_original_firstorder_Uniformity_mean,necrosis,-0.00045110598794640967,0.0006585403882776472,0.002194
muscularis_E_original_firstorder_Energy_std,muscularis,-0.0004516214084366643,0.0002563575358455433,0.00143
vessels_E_original_firstorder_Mean_std,vessels,-0.00045387440729786064,0.00025793853158066586,0.001427
muscularis_E_original_firstorder_RootMeanSquared_std,muscularis,-0.0004540873327428474,0.0011563426384101395,0.001815
muscularis_H_original_firstorder_RobustMeanAbsoluteDeviation_std,muscularis,-0.00046389000794798684,0.0002827315702754864,0.001748
vessels_E_original_firstorder_Kurtosis_std,vessels,-0.0004847704996618574,0.0005357333237272271,0.001383
vessels_E_original_firstorder_Entropy_std,vessels,-0.000505148116305043,0.001183284503294453,0.002153
vessels_H_original_firstorder_Uniformity_mean,vessels,-0.0005168124494765002,0.00019095802703342972,0.00146
necrosis_H_original_firstorder_RootMeanSquared_std,necrosis,-0.0005177995119423851,0.0009178127747030625,0.002116
vessels_H_original_firstorder_RootMeanSquared_std,vessels,-0.0005236962942949952,0.0002599233121446384,0.001584
lamina_E_original_firstorder_RootMeanSquared_std,lamina,-0.0005321704950318251,0.0002250375427698627,0.001363
muscularis_E_original_firstorder_90Percentile_mean,muscularis,-0.0005346243455399801,0.0003626574976004877,0.001451
adipose_E_original_firstorder_10Percentile_mean,adipose,-0.0005565065543990721,0.00036338044056677556,0.001529
vessels_H_original_firstorder_90Percentile_mean,vessels,-0.0005575245779905202,0.00017654034490868878,0.001361
immune_H_original_firstorder_Median_mean,immune,-0.0005648785898343834,0.0004986765415144629,0.003682
tumor_E_original_firstorder_Energy_std,tumor,-0.0005807475429684738,0.0003962819706682509,0.001225
vessels_E_original_firstorder_Median_std,vessels,-0.000598765041215299,0.00041108849036022757,0.001472
vessels_E_original_firstorder_90Percentile_std,vessels,-0.0006252998338000082,0.0005172676938930778,0.001752
muscularis_E_original_firstorder_Skewness_mean,muscularis,-0.000648495911304603,0.0005034127550457941,0.001304
vessels_H_original_firstorder_RootMeanSquared_mean,vessels,-0.0006635292191529251,0.0003434848317645151,0.001333
necrosis_E_original_firstorder_Variance_std,necrosis,-0.0006743601850945913,0.0008849738693177183,0.002387
vessels_H_original_firstorder_Kurtosis_mean,vessels,-0.0006751254609954294,0.0007956006370020676,0.002481
muscularis_E_original_firstorder_10Percentile_std,muscularis,-0.0007415757480383923,0.0003483368378147007,0.001506
adipose_H_original_firstorder_Median_std,adipose,-0.0007566278998657472,0.0011371232565174536,0.002762
immune_H_original_firstorder_Skewness_std,immune,-0.0007655712889621857,0.0004031490551454181,0.002031
lamina_H_original_firstorder_Variance_std,lamina,-0.0008259575921632622,0.0003341075109282521,0.00144
muscularis_E_original_firstorder_Uniformity_mean,muscularis,-0.0008332704162060556,0.0006754286463774485,0.001655
immune_E_original_firstorder_RootMeanSquared_mean,immune,-0.0008744674122959761,0.000276645127703184,0.001113
vessels_H_original_firstorder_Mean_mean,vessels,-0.0009328456225746184,0.00040232393730315453,0.001414
tumor_H_original_firstorder_Mean_mean,tumor,-0.0009435720224571619,0.00027123349588031165,0.001872
immune_H_original_firstorder_MeanAbsoluteDeviation_mean,immune,-0.0009472634916840473,0.0010405822039487645,0.003863
tumor_H_original_firstorder_RootMeanSquared_mean,tumor,-0.0009704188798992042,0.0004093170216824093,0.002079
vessels_E_original_firstorder_Variance_std,vessels,-0.0009786972067211686,0.0014119267604778493,0.001696
necrosis_H_original_firstorder_10Percentile_std,necrosis,-0.0009798242334113083,0.0004518212087186472,0.001521
vessels_H_original_firstorder_InterquartileRange_mean,vessels,-0.0010216948956559336,0.0012061850183636266,0.0016
muscularis_E_original_firstorder_90Percentile_std,muscularis,-0.001083279438803586,0.0011723036673741158,0.00188
necrosis_H_original_firstorder_Skewness_std,necrosis,-0.0010867359464128644,0.0011059122498644216,0.001504
vessels_H_original_firstorder_Median_std,vessels,-0.0011112008423842302,0.0005403049063061326,0.001526
muscularis_H_original_firstorder_Kurtosis_std,muscularis,-0.0011432346436648256,0.0006889896434456566,0.004308
lamina_H_original_firstorder_10Percentile_mean,lamina,-0.0011841252491565312,0.00041032855054067973,0.001884
muscularis_E_original_firstorder_Mean_std,muscularis,-0.0012001014130804788,0.001468286781871013,0.002029
necrosis_H_original_firstorder_Mean_mean,necrosis,-0.0012905630213209118,0.0006321415161348857,0.002043
tumor_H_original_firstorder_RobustMeanAbsoluteDeviation_mean,tumor,-0.0013205170451542013,0.0008189839051153191,0.001488
immune_H_original_firstorder_Variance_mean,immune,-0.0013776841167497667,0.0008899905805606377,0.002926
vessels_H_original_firstorder_Energy_mean,vessels,-0.0014409207764002896,0.0005951262176515002,0.001324
vessels_H_original_firstorder_10Percentile_mean,vessels,-0.0014548616210960153,0.00024094540742453392,0.002113
vessels_H_original_firstorder_Median_mean,vessels,-0.0014666256124395872,0.0005681176643506697,0.001861
necrosis_H_original_firstorder_Uniformity_mean,necrosis,-0.0014959004993755909,0.002699518849796322,0.002495
necrosis_H_original_firstorder_Variance_mean,necrosis,-0.0015132217648906932,0.0006937606838946702,0.001467
vessels_H_original_firstorder_Skewness_std,vessels,-0.001546475411428938,0.0015937938026094037,0.001961
lamina_H_original_firstorder_Skewness_std,lamina,-0.001607786355676355,0.003735641271021787,0.003787
tumor_H_original_firstorder_Entropy_mean,tumor,-0.001708490156930953,0.000736650078291882,0.001893
vessels_H_original_firstorder_TotalEnergy_mean,vessels,-0.0017216026887908798,0.00040627971923194305,0.001321
immune_H_original_firstorder_RootMeanSquared_mean,immune,-0.001804372148116784,0.001185744149667196,0.003693
tumor_H_original_firstorder_InterquartileRange_mean,tumor,-0.0018177613475236277,0.0015458768097089983,0.00156
necrosis_H_original_firstorder_Skewness_mean,necrosis,-0.0021863049163140303,0.0013425218520499414,0.001482
urothelium_H_original_firstorder_Kurtosis_mean,urothelium,-0.002490970610558607,0.0025468004379244494,0.001471
muscularis_E_original_firstorder_Kurtosis_std,muscularis,-0.0025119039945790344,0.0018850377235380856,0.001176
tumor_H_original_firstorder_MeanAbsoluteDeviation_mean,tumor,-0.002613225128559493,0.001090186527618529,0.001852
tumor_H_original_firstorder_Variance_mean,tumor,-0.00502308052258259,0.002760036985551807,0.00251
